"hotel_name","price","dates","duration","rating","ta_rating","ta_review_count","ta_source","departure_airport","scraped_at","url","image_url","offer_url","filter_id","country","region","resort","departure_date","return_date","days","nights","origin_scope","pax_profile","departure_key"
"<<<<<<< Updated upstream","","","","","","","","","","","","","","","","","","","","","","",""
"=======","","","","","","","","","","","","","","","","","","","","","","",""
">>>>>>> Stashed changes","","","","","","","","","","","","","","","","","","","","","","",""
"<<<<<<< Updated upstream","","","","","","","","","","","","","","","","","","","","","","",""
"<<<<<<< Updated upstream","","","","","","","","","","","","","","","","","","","","","","",""
"<<<<<<< Updated upstream","","","","","","","","","","","","","","","","","","","","","","",""
"=======","","","","","","","","","","","","","","","","","","","","","","",""
"=======","","","","","","","","","","","","","","","","","","","","","","",""
"=======","","","","","","","","","","","","","","","","","","","","","","",""
">>>>>>> Stashed changes","","","","","","","","","","","","","","","","","","","","","","",""
"<<<<<<< Updated upstream","","","","","","","","","","","","","","","","","","","","","","",""
">>>>>>> Stashed changes","","","","","","","","","","","","","","","","","","","","","","",""
"=======","","","","","","","","","","","","","","","","","","","","","","",""
">>>>>>> Stashed changes","","","","","","","","","","","","","","","","","","","","","","",""
"=======","","","","","","","","","","","","","","","","","","","","","","",""
">>>>>>> Stashed changes","","","","","","","","","","","","","","","","","","","","","","",""
">>>>>>> Stashed changes","","","","","","","","","","","","","","","","","","","","","","",""
"<<<<<<< Updated upstream","","","","","","","","","","","","","","","","","","","","","","",""
"<<<<<<< Updated upstream","","","","","","","","","","","","","","","","","","","","","","",""
"<<<<<<< Updated upstream","","","","","","","","","","","","","","","","","","","","","","",""
"=======","","","","","","","","","","","","","","","","","","","","","","",""
"=======","","","","","","","","","","","","","","","","","","","","","","",""
"=======","","","","","","","","","","","","","","","","","","","","","","",""
">>>>>>> Stashed changes","","","","","","","","","","","","","","","","","","","","","","",""
"<<<<<<< Updated upstream","","","","","","","","","","","","","","","","","","","","","","",""
">>>>>>> Stashed changes","","","","","","","","","","","","","","","","","","","","","","",""
"=======","","","","","","","","","","","","","","","","","","","","","","",""
">>>>>>> Stashed changes","","","","","","","","","","","","","","","","","","","","","","",""
"=======","","","","","","","","","","","","","","","","","","","","","","",""
">>>>>>> Stashed changes","","","","","","","","","","","","","","","","","","","","","","",""
">>>>>>> Stashed changes","","","","","","","","","","","","","","","","","","","","","","",""
"<<<<<<< Updated upstream","","","","","","","","","","","","","","","","","","","","","","",""
"<<<<<<< Updated upstream","","","","","","","","","","","","","","","","","","","","","","",""
"<<<<<<< Updated upstream","","","","","","","","","","","","","","","","","","","","","","",""
"=======","","","","","","","","","","","","","","","","","","","","","","",""
"=======","","","","","","","","","","","","","","","","","","","","","","",""
"=======","","","","","","","","","","","","","","","","","","","","","","",""
">>>>>>> Stashed changes","","","","","","","","","","","","","","","","","","","","","","",""
"<<<<<<< Updated upstream","","","","","","","","","","","","","","","","","","","","","","",""
">>>>>>> Stashed changes","","","","","","","","","","","","","","","","","","","","","","",""
"=======","","","","","","","","","","","","","","","","","","","","","","",""
">>>>>>> Stashed changes","","","","","","","","","","","","","","","","","","","","","","",""
"=======","","","","","","","","","","","","","","","","","","","","","","",""
">>>>>>> Stashed changes","","","","","","","","","","","","","","","","","","","","","","",""
">>>>>>> Stashed changes","","","","","","","","","","","","","","","","","","","","","","",""
"<<<<<<< Updated upstream","","","","","","","","","","","","","","","","","","","","","","",""
"<<<<<<< Updated upstream","","","","","","","","","","","","","","","","","","","","","","",""
"<<<<<<< Updated upstream","","","","","","","","","","","","","","","","","","","","","","",""
"=======","","","","","","","","","","","","","","","","","","","","","","",""
"=======","","","","","","","","","","","","","","","","","","","","","","",""
"=======","","","","","","","","","","","","","","","","","","","","","","",""
">>>>>>> Stashed changes","","","","","","","","","","","","","","","","","","","","","","",""
"<<<<<<< Updated upstream","","","","","","","","","","","","","","","","","","","","","","",""
">>>>>>> Stashed changes","","","","","","","","","","","","","","","","","","","","","","",""
"=======","","","","","","","","","","","","","","","","","","","","","","",""
">>>>>>> Stashed changes","","","","","","","","","","","","","","","","","","","","","","",""
"=======","","","","","","","","","","","","","","","","","","","","","","",""
">>>>>>> Stashed changes","","","","","","","","","","","","","","","","","","","","","","",""
">>>>>>> Stashed changes","","","","","","","","","","","","","","","","","","","","","","",""
"<<<<<<< Updated upstream","","","","","","","","","","","","","","","","","","","","","","",""
"<<<<<<< Updated upstream","","","","","","","","","","","","","","","","","","","","","","",""
"=======","","","","","","","","","","","","","","","","","","","","","","",""
">>>>>>> Stashed changes","","","","","","","","","","","","","","","","","","","","","","",""
"=======","","","","","","","","","","","","","","","","","","","","","","",""
">>>>>>> Stashed changes","","","","","","","","","","","","","","","","","","","","","","",""
"<<<<<<< Updated upstream","","","","","","","","","","","","","","","","","","","","","","",""
"=======","","","","","","","","","","","","","","","","","","","","","","",""
">>>>>>> Stashed changes","","","","","","","","","","","","","","","","","","","","","","",""
"<<<<<<< Updated upstream","","","","","","","","","","","","","","","","","","","","","","",""
"=======","","","","","","","","","","","","","","","","","","","","","","",""
">>>>>>> Stashed changes","","","","","","","","","","","","","","","","","","","","","","",""
"<<<<<<< Updated upstream","","","","","","","","","","","","","","","","","","","","","","",""
"=======","","","","","","","","","","","","","","","","","","","","","","",""
">>>>>>> Stashed changes","","","","","","","","","","","","","","","","","","","","","","",""
"<<<<<<< Updated upstream","","","","","","","","","","","","","","","","","","","","","","",""
"=======","","","","","","","","","","","","","","","","","","","","","","",""
">>>>>>> Stashed changes","","","","","","","","","","","","","","","","","","","","","","",""
"<<<<<<< Updated upstream","","","","","","","","","","","","","","","","","","","","","","",""
"=======","","","","","","","","","","","","","","","","","","","","","","",""
">>>>>>> Stashed changes","","","","","","","","","","","","","","","","","","","","","","",""
"<<<<<<< Updated upstream","","","","","","","","","","","","","","","","","","","","","","",""
"=======","","","","","","","","","","","","","","","","","","","","","","",""
">>>>>>> Stashed changes","","","","","","","","","","","","","","","","","","","","","","",""
"<<<<<<< Updated upstream","","","","","","","","","","","","","","","","","","","","","","",""
"=======","","","","","","","","","","","","","","","","","","","","","","",""
">>>>>>> Stashed changes","","","","","","","","","","","","","","","","","","","","","","",""
"Dream Lagoon & Aqua Park Resort (ex. Floriana Dream Lagoon) Egipt, Marsa Alam","10387.0","20.10.2026 - 03.11.2026","15 dni/14 nocy","4.3","4.3","5726","tripadvisor","Warszawa","2026-09-14T01:16:30.697728+00:00","https://fly.pl/oferta/egipt-wczasy/?filter[dest]=11:&filter[hotelids]=&filter[cityids]=&filter[cregids]=&filter[ofrType]=&filter[addObjType]=&filter[whenFrom]=10-10-2026&filter[whenTo]=05-11-2026&filter[duration]=13:16&filter[from]=Warszawa%20-%20Radom,Warszawa,Warszawa%20-%20Modlin&filter[person]=2&filter[child]=1&filter[price]=0:11000&filter[PriceFrom]=0&filter[PriceTo]=11000&filter[addCategory]=50&filter[addCatering]=1&filter[addMisc]=0&filter[addTransport]=F&filter[fp]=1&order_by=ofr_price&filter[tourOperator]=0&filter[childAge][1]=20201210","https://fly.pl/cdn/photo/assets/uploads/582/278/2015/11/Future-Dream-Lagoon-ex.-Floriana-Dream-Lagoon-fly-pl.jpg","https://fly.pl/wycieczka/egipt,marsa-alam,c/floriana-dream-lagoon/pW1FAheOTJ6EMxpP-mBCmnAAogCzWL-AcTNhnG9W1CtemNtB8xUxUdwj1zUG1Mi6bL26cqBEVYSU0w75Wd1QZIk1FQAVjeBmACagJBSXIjHBGroQa5BMKdPqsEid4NG8GvMBiUilkB_OqYtA0CAGMBAg3iH_uM/ofertasv/?filter[tourOperator]=EXIM&filter%5Bperson%5D=2&filter%5BchildAge%5D%5B1%5D=20201210&filter%5Bchild%5D=1","filter_egypt_autumn_2026_13_16_days","egipt","marsa-alam","c","2026-10-20","2026-11-03","15","14","Warszawa","2+1","egipt|marsa-alam|2026-10-20|2026-11-03|14|Warszawa|2+1"
"Siva Golden Bay Makadi Egipt, Hurghada, Makadi Bay","10867.0","18.10.2026 - 01.11.2026","15 dni/14 nocy","4.6","4.6","856","tripadvisor","Warszawa","2026-09-14T01:16:30.697728+00:00","https://fly.pl/oferta/egipt-wczasy/?filter[dest]=11:&filter[hotelids]=&filter[cityids]=&filter[cregids]=&filter[ofrType]=&filter[addObjType]=&filter[whenFrom]=10-10-2026&filter[whenTo]=05-11-2026&filter[duration]=13:16&filter[from]=Warszawa%20-%20Radom,Warszawa,Warszawa%20-%20Modlin&filter[person]=2&filter[child]=1&filter[price]=0:11000&filter[PriceFrom]=0&filter[PriceTo]=11000&filter[addCategory]=50&filter[addCatering]=1&filter[addMisc]=0&filter[addTransport]=F&filter[fp]=1&order_by=ofr_price&filter[tourOperator]=0&filter[childAge][1]=20201210","https://fly.pl/cdn/photo/assets/uploads/582/278/2024/07/siva-golden-bay-makadi.jpg","https://fly.pl/wycieczka/egipt,hurghada,makadi-bay/siva-golden-bay-makadi-10/pLnPZRpy7Xnrp3rLOrnEUZAAogvYZc9skrvUbI-9IjIzLN3x0APwV3_Z8JjF1DUPhPaJQqBEVYSU0w75Wd1QZI81RQAViuBmACagJBSXIjHBHGuwa5BLuCPqsEyYwKG-nVJRiWpWcBsaaQsw0CAGMBAgd1ZPaa/ofertasv/?filter[tourOperator]=EXIM&filter%5Bperson%5D=2&filter%5BchildAge%5D%5B1%5D=20201210&filter%5Bchild%5D=1","filter_egypt_autumn_2026_13_16_days","egipt","hurghada","makadi-bay","2026-10-18","2026-11-01","15","14","Warszawa","2+1","egipt|hurghada|2026-10-18|2026-11-01|14|Warszawa|2+1"
"Dream Lagoon & Aqua Park Resort (ex. Floriana Dream Lagoon) Egipt, Marsa Alam","10387.0","20.10.2026 - 03.11.2026","15 dni/14 nocy","4.3","4.3","5726","tripadvisor","Warszawa","2026-09-14T01:16:33.999958+00:00","https://fly.pl/oferta/egipt-wczasy/?filter[dest]=11:&filter[hotelids]=&filter[cityids]=&filter[cregids]=&filter[ofrType]=&filter[addObjType]=&filter[whenFrom]=10-10-2026&filter[whenTo]=05-11-2026&filter[duration]=13:16&filter[from]=&filter[person]=2&filter[child]=1&filter[price]=0:11000&filter[PriceFrom]=0&filter[PriceTo]=11000&filter[addCategory]=50&filter[addCatering]=1&filter[addMisc]=0&filter[addTransport]=F&filter[fp]=1&order_by=ofr_price&filter[tourOperator]=0&filter[childAge][1]=20201210","https://fly.pl/cdn/photo/assets/uploads/582/278/2015/11/Future-Dream-Lagoon-ex.-Floriana-Dream-Lagoon-fly-pl.jpg","https://fly.pl/wycieczka/egipt,marsa-alam,c/floriana-dream-lagoon/pW1FAheOTJ6EMxpP-mBCmnAAogCzWL-AcTNhnG9W1CtemNtB8xUxUdwj1zUG1Mi6bL26cqBEVYSU0w8pWd1QZIk1FQAVjeBmACagJBSXIjHBGroQa5BMKdPqsEid4NG8GvMBiUilkB_OqYtA0CAGMBAg1HRN15/ofertasv/?filter[tourOperator]=EXIM&filter%5Bperson%5D=2&filter%5BchildAge%5D%5B1%5D=20201210&filter%5Bchild%5D=1","filter_egypt_autumn_2026_13_16_days","egipt","marsa-alam","c","2026-10-20","2026-11-03","15","14","Warszawa","2+1","egipt|marsa-alam|2026-10-20|2026-11-03|14|Warszawa|2+1"
"Siva Golden Bay Makadi Egipt, Hurghada, Makadi Bay","10867.0","15.10.2026 - 29.10.2026","15 dni/14 nocy","4.6","4.6","856","tripadvisor","Poznań","2026-09-14T01:16:33.999958+00:00","https://fly.pl/oferta/egipt-wczasy/?filter[dest]=11:&filter[hotelids]=&filter[cityids]=&filter[cregids]=&filter[ofrType]=&filter[addObjType]=&filter[whenFrom]=10-10-2026&filter[whenTo]=05-11-2026&filter[duration]=13:16&filter[from]=&filter[person]=2&filter[child]=1&filter[price]=0:11000&filter[PriceFrom]=0&filter[PriceTo]=11000&filter[addCategory]=50&filter[addCatering]=1&filter[addMisc]=0&filter[addTransport]=F&filter[fp]=1&order_by=ofr_price&filter[tourOperator]=0&filter[childAge][1]=20201210","https://fly.pl/cdn/photo/assets/uploads/582/278/2024/07/siva-golden-bay-makadi.jpg","https://fly.pl/wycieczka/egipt,hurghada,makadi-bay/siva-golden-bay-makadi-10/p1zpeqX1qH6zErUOX4QE34AAogzdLzhtg5SKxIGbU0oH5MngPYB4uGeChpRSmysXmLrFIqBEVYSU0w8pWd1QZI81RQAVjmBWACagJBSXIhHBHGuwa5BPSAPqsEHRvc4y8Yhto2AamPtYsJAgBjAQIH-iF2rg/ofertasv/?filter[tourOperator]=EXIM&filter%5Bperson%5D=2&filter%5BchildAge%5D%5B1%5D=20201210&filter%5Bchild%5D=1","filter_egypt_autumn_2026_13_16_days","egipt","hurghada","makadi-bay","2026-10-15","2026-10-29","15","14","Poznań","2+1","egipt|hurghada|2026-10-15|2026-10-29|14|Poznań|2+1"
