"hotel_name","price","dates","duration","duration_bucket","rating","ta_rating","ta_review_count","ta_source","departure_airport","scraped_at","url","image_url","offer_url"
"<<<<<<< Updated upstream","","","","","","","","","","","","",""
"<<<<<<< Updated upstream","","","","","","","","","","","","",""
"<<<<<<< Updated upstream","","","","","","","","","","","","",""
"=======","","","","","","","","","","","","",""
"=======","","","","","","","","","","","","",""
"=======","","","","","","","","","","","","",""
">>>>>>> Stashed changes","","","","","","","","","","","","",""
"<<<<<<< Updated upstream","","","","","","","","","","","","",""
">>>>>>> Stashed changes","","","","","","","","","","","","",""
"=======","","","","","","","","","","","","",""
">>>>>>> Stashed changes","","","","","","","","","","","","",""
"=======","","","","","","","","","","","","",""
">>>>>>> Stashed changes","","","","","","","","","","","","",""
">>>>>>> Stashed changes","","","","","","","","","","","","",""
"<<<<<<< Updated upstream","","","","","","","","","","","","",""
"<<<<<<< Updated upstream","","","","","","","","","","","","",""
"<<<<<<< Updated upstream","","","","","","","","","","","","",""
"=======","","","","","","","","","","","","",""
"=======","","","","","","","","","","","","",""
"=======","","","","","","","","","","","","",""
">>>>>>> Stashed changes","","","","","","","","","","","","",""
"<<<<<<< Updated upstream","","","","","","","","","","","","",""
">>>>>>> Stashed changes","","","","","","","","","","","","",""
"=======","","","","","","","","","","","","",""
">>>>>>> Stashed changes","","","","","","","","","","","","",""
"=======","","","","","","","","","","","","",""
">>>>>>> Stashed changes","","","","","","","","","","","","",""
">>>>>>> Stashed changes","","","","","","","","","","","","",""
"<<<<<<< Updated upstream","","","","","","","","","","","","",""
"<<<<<<< Updated upstream","","","","","","","","","","","","",""
"<<<<<<< Updated upstream","","","","","","","","","","","","",""
"=======","","","","","","","","","","","","",""
"=======","","","","","","","","","","","","",""
"=======","","","","","","","","","","","","",""
">>>>>>> Stashed changes","","","","","","","","","","","","",""
"<<<<<<< Updated upstream","","","","","","","","","","","","",""
">>>>>>> Stashed changes","","","","","","","","","","","","",""
"=======","","","","","","","","","","","","",""
">>>>>>> Stashed changes","","","","","","","","","","","","",""
"=======","","","","","","","","","","","","",""
">>>>>>> Stashed changes","","","","","","","","","","","","",""
">>>>>>> Stashed changes","","","","","","","","","","","","",""
"<<<<<<< Updated upstream","","","","","","","","","","","","",""
"<<<<<<< Updated upstream","","","","","","","","","","","","",""
"=======","","","","","","","","","","","","",""
">>>>>>> Stashed changes","","","","","","","","","","","","",""
"=======","","","","","","","","","","","","",""
">>>>>>> Stashed changes","","","","","","","","","","","","",""
"<<<<<<< Updated upstream","","","","","","","","","","","","",""
"=======","","","","","","","","","","","","",""
">>>>>>> Stashed changes","","","","","","","","","","","","",""
"<<<<<<< Updated upstream","","","","","","","","","","","","",""
"=======","","","","","","","","","","","","",""
">>>>>>> Stashed changes","","","","","","","","","","","","",""
"<<<<<<< Updated upstream","","","","","","","","","","","","",""
"=======","","","","","","","","","","","","",""
">>>>>>> Stashed changes","","","","","","","","","","","","",""
"<<<<<<< Updated upstream","","","","","","","","","","","","",""
"=======","","","","","","","","","","","","",""
">>>>>>> Stashed changes","","","","","","","","","","","","",""
"<<<<<<< Updated upstream","","","","","","","","","","","","",""
"=======","","","","","","","","","","","","",""
">>>>>>> Stashed changes","","","","","","","","","","","","",""
"<<<<<<< Updated upstream","","","","","","","","","","","","",""
"=======","","","","","","","","","","","","",""
">>>>>>> Stashed changes","","","","","","","","","","","","",""
"<<<<<<< Updated upstream","","","","","","","","","","","","",""
"=======","","","","","","","","","","","","",""
">>>>>>> Stashed changes","","","","","","","","","","","","",""
"Dream Lagoon & Aqua Park Resort (ex. Floriana Dream Lagoon) Egipt, Marsa Alam","10509.0","11.10.2026 - 24.10.2026","14 dni/13 nocy","","4.3","4.3","5734","tripadvisor","Katowice","2026-09-21T01:16:01.099005+00:00","https://fly.pl/oferta/egipt-wczasy/?filter[dest]=11:&filter[hotelids]=&filter[cityids]=&filter[cregids]=&filter[ofrType]=&filter[addObjType]=&filter[whenFrom]=10-10-2026&filter[whenTo]=05-11-2026&filter[duration]=13:16&filter[from]=&filter[person]=2&filter[child]=1&filter[price]=0:11000&filter[PriceFrom]=0&filter[PriceTo]=11000&filter[addCategory]=50&filter[addCatering]=1&filter[addMisc]=0&filter[addTransport]=F&filter[fp]=1&order_by=ofr_price&filter[tourOperator]=0&filter[childAge][1]=20201210","https://fly.pl/cdn/photo/assets/uploads/582/278/2015/11/Future-Dream-Lagoon-ex.-Floriana-Dream-Lagoon-fly-pl.jpg","https://fly.pl/wycieczka/egipt,marsa-alam,c/floriana-dream-lagoon/pxpxJ7gGA9qNkuC28AhtBxAAogMdIfqN9MpofWJ_bd_CPQQQAAAAArhAQAaK0EAA0AAQAqBFdFWlkw0YrC1QZIjVJQQVjeA2ADahJFbnRlciBBaXIvV2l6eiBBaXJqBDAyMjBqBDA4MTVyQp4BkwGUAR8AAgEcABYEFwgS0AQV0wQYzwJAonUR3k9L9QFQAEzjRE8AHdTwDyC9Uhvo9TgNw4CJCQESYwEOYwECBQ22SIg/ofertasv/?filter[tourOperator]=WEZY&filter%5Bperson%5D=2&filter%5BchildAge%5D%5B1%5D=20201210&filter%5Bchild%5D=1"
"Siva Golden Bay Makadi Egipt, Hurghada, Makadi Bay","10637.0","22.10.2026 - 05.11.2026","15 dni/14 nocy","","4.6","4.6","865","tripadvisor","Katowice","2026-09-21T01:16:01.099005+00:00","https://fly.pl/oferta/egipt-wczasy/?filter[dest]=11:&filter[hotelids]=&filter[cityids]=&filter[cregids]=&filter[ofrType]=&filter[addObjType]=&filter[whenFrom]=10-10-2026&filter[whenTo]=05-11-2026&filter[duration]=13:16&filter[from]=&filter[person]=2&filter[child]=1&filter[price]=0:11000&filter[PriceFrom]=0&filter[PriceTo]=11000&filter[addCategory]=50&filter[addCatering]=1&filter[addMisc]=0&filter[addTransport]=F&filter[fp]=1&order_by=ofr_price&filter[tourOperator]=0&filter[childAge][1]=20201210","https://fly.pl/cdn/photo/assets/uploads/582/278/2024/07/siva-golden-bay-makadi.jpg","https://fly.pl/wycieczka/egipt,hurghada,makadi-bay/siva-golden-bay-makadi-10/pUgtaeb0c5eiTYiea3-LyjAAogvYZc9skrvUbI-9IjIzLN31j-_qF4wNhLX_ScI2dYigkqBEVYSU0w0YrC1QZIjVNQAVjmBWACagJBSXIjHBHGuwa5BJmAPqsEvYoKG5faJRiWpWcBrqaQsw0CAGMBAgeyyCDY/ofertasv/?filter[tourOperator]=EXIM&filter%5Bperson%5D=2&filter%5BchildAge%5D%5B1%5D=20201210&filter%5Bchild%5D=1"
"Dream Lagoon & Aqua Park Resort (ex. Floriana Dream Lagoon) Egipt, Marsa Alam","10509.0","11.10.2026 - 24.10.2026","14 dni/13 nocy","","4.3","4.3","5734","tripadvisor","Katowice","2026-09-21T05:24:25.318140+00:00","https://fly.pl/oferta/egipt-wczasy/?filter[dest]=11:&filter[hotelids]=&filter[cityids]=&filter[cregids]=&filter[ofrType]=&filter[addObjType]=&filter[whenFrom]=10-10-2026&filter[whenTo]=05-11-2026&filter[duration]=13:16&filter[from]=&filter[person]=2&filter[child]=1&filter[price]=0:11000&filter[PriceFrom]=0&filter[PriceTo]=11000&filter[addCategory]=50&filter[addCatering]=1&filter[addMisc]=0&filter[addTransport]=F&filter[fp]=1&order_by=ofr_price&filter[tourOperator]=0&filter[childAge][1]=20201210","https://fly.pl/cdn/photo/assets/uploads/582/278/2015/11/Future-Dream-Lagoon-ex.-Floriana-Dream-Lagoon-fly-pl.jpg","https://fly.pl/wycieczka/egipt,marsa-alam,c/floriana-dream-lagoon/pxpxJ7gGA9qNkuC28AhtBxAAogMdIfqN9MpofWJ_bd_CPQQQAAAAArhAQAaK0EAA0AAQAqBFdFWlkwif_C1QZIjVJQQVjaA2ADahJFbnRlciBBaXIvV2l6eiBBaXJqBDAyMjBqBDA4MTVyQp4BkwGUAR8AAgEcABYEFwgS0AQV0wQYzwJAonUR3k9L9QFQAEzjRE8AHdTwDyC9Uhvo9TgNw4CJCQESYwEOYwECBSwKEAo/ofertasv/?filter[tourOperator]=WEZY&filter%5Bperson%5D=2&filter%5BchildAge%5D%5B1%5D=20201210&filter%5Bchild%5D=1"
"Siva Golden Bay Makadi Egipt, Hurghada, Makadi Bay","10637.0","22.10.2026 - 05.11.2026","15 dni/14 nocy","","4.6","4.6","865","tripadvisor","Katowice","2026-09-21T05:24:25.318140+00:00","https://fly.pl/oferta/egipt-wczasy/?filter[dest]=11:&filter[hotelids]=&filter[cityids]=&filter[cregids]=&filter[ofrType]=&filter[addObjType]=&filter[whenFrom]=10-10-2026&filter[whenTo]=05-11-2026&filter[duration]=13:16&filter[from]=&filter[person]=2&filter[child]=1&filter[price]=0:11000&filter[PriceFrom]=0&filter[PriceTo]=11000&filter[addCategory]=50&filter[addCatering]=1&filter[addMisc]=0&filter[addTransport]=F&filter[fp]=1&order_by=ofr_price&filter[tourOperator]=0&filter[childAge][1]=20201210","https://fly.pl/cdn/photo/assets/uploads/582/278/2024/07/siva-golden-bay-makadi.jpg","https://fly.pl/wycieczka/egipt,hurghada,makadi-bay/siva-golden-bay-makadi-10/pUgtaeb0c5eiTYiea3-LyjAAogvYZc9skrvUbI-9IjIzLN31j-_qF4wNhLX_ScI2dYigkqBEVYSU0wif_C1QZIjVNQAVjiBWACagJBSXIjHBHGuwa5BJmAPqsEvYoKG5faJRiWpWcBrqaQsw0CAGMBAgeqI-3K/ofertasv/?filter[tourOperator]=EXIM&filter%5Bperson%5D=2&filter%5BchildAge%5D%5B1%5D=20201210&filter%5Bchild%5D=1"
